Workbook

Sheet Assumptions
A1: AstraCore Neo FMEDA skeleton, drop 0.3 (2026-10-04). Blue cells are inputs; yellow cells are assumptions to be replaced by foundry base-failure-rate and soft-error data (ISO 26262-11, SN 29500 or IEC 62380) before the phase-1 FMEDA v1.
A3: Parameter | B3: Value | C3: Unit | D3: Source / note
A4: Die permanent base failure rate (whole 210 mm² die) | B4: 200 | C4: FIT | D4: Assumption, order of magnitude for a large N5-class automotive die; replace with foundry data
A5: Die area | B5: 210 | C5: mm² | D5: Spec v2.0 physical estimate
A6: MAC core area incl. buffers (one core) | B6: 0.47 | C6: mm² | D6: 30 mm² for 64 cores from the die estimate
A7: SRAM soft-error rate | B7: 600 | C7: FIT/Mbit | D7: Assumption; replace with foundry SER at ground level, Grade 2 mission profile
A8: Flip-flop soft-error rate | B8: 100 | C8: FIT/Mbit | D8: Assumption; replace with foundry SER
A9: Accumulator SRAM per core | B9: 0.5 | C9: Mbit | D9: 512 rows × 32 columns × 32 bit = 64 KB
A10: Activation buffer SRAM per core | B10: 0.25 | C10: Mbit | D10: 4096 pixels × 32 channels × 8 bit = 32 KB
A11: Weight registers per core (active + shadow) | B11: 0.0176 | C11: Mbit | D11: 2 × 1056 PEs × 8.3 bit average incl. check column
A12: Pipeline and control flops per core | B12: 0.04 | C12: Mbit | D12: x/psum/token registers, skew and deskew, feeder, accumulator read registers
A13: Mission lifetime | B13: 131400 | C13: h | D13: 15 years × 8,760 h; vehicle operating hours are lower, kept conservative
A14: ASIL-B(D) target SPFM | B14: 0.9 | D14: ISO 26262-5 Table 4
A15: ASIL-B(D) target LFM | B15: 0.6 | D15: ISO 26262-5 Table 5
A16: ASIL-B(D) target PMHF | B16: 100 | C16: FIT | D16: ISO 26262-5 Table 6
A17: ASIL-D target SPFM | B17: 0.99 | D17: ISO 26262-5 Table 4
A18: ASIL-D target LFM | B18: 0.9 | D18: ISO 26262-5 Table 5
A19: ASIL-D target PMHF | B19: 10 | C19: FIT | D19: ISO 26262-5 Table 6
A21: Derived (formulas)
A22: Permanent failure rate of one MAC core | B22: =B4*B6/B5 -> 0.44761905 | C22: FIT
A23: Transient failure rate, accumulator SRAM | B23: =B7*B9 -> 300 | C23: FIT
A24: Transient failure rate, activation buffer SRAM | B24: =B7*B10 -> 150 | C24: FIT
A25: Transient failure rate, weight registers | B25: =B8*B11 -> 1.76 | C25: FIT
A26: Transient failure rate, pipeline and control flops | B26: =B8*B12 -> 4 | C26: FIT
A29: Legend: blue = input you may edit; yellow = assumption to replace with sourced data; black = formula. Edit only blue cells.

Sheet FMEDA_core
A1: FMEDA v1 (drop 0.13), one MAC core (neo_mac_core_v02) as a safety element out of context. Safety goal assumed: no undetected wrong inference result leaves the core within the FTTI. Rows marked 'today' describe the v0.2 RTL; rows marked 'planned' name the mechanism the architecture commits to.
A3: Block | B3: Failure mode | C3: Fault type | D3: λ (FIT) | E3: Safety related (1/0) | F3: FMD (fraction) | G3: SPF-relevant: violates SG alone (1/0) | H3: Safety mechanism against violation | I3: DC_RF | J3: λ_SPF/RF (FIT) | K3: MPF-relevant: latent if undetected (1/0) | L3: Latent-fault mechanism | M3: DC_L | N3: λ_MPF,L (FIT) | O3: Status / evidence
A4: PE array datapath (1,056 MACs) | B4: Wrong product or sum, single-point | C4: permanent | D4: =Assumptions!$B$22*0.55 -> 0.24619048 | E4: 1 | F4: 0.9 | G4: 1 | H4: ABFT check column: any single-point error in a row flips the row equality | I4: 0.99 | J4: =D4*E4*F4*G4*(1-I4) -> 0.0022157143 | K4: 0 | L4: n/a (detected faults lead to safe state) | M4: 0 | N4: =D4*E4*F4*K4*(1-M4) -> 0 | O4: v1: proven on RTL (T2, T3, C1-C10, K2, M-tests); self-test of the checker proven through registers (M8)
A5: PE array datapath (1,056 MACs) | B5: Dual faults that cancel in the checksum | C5: permanent | D5: =Assumptions!$B$22*0.55 -> 0.24619048 | E5: 1 | F5: 0.1 | G5: 1 | H5: Periodic in-field LBIST of the core | I5: 0.9 | J5: =D5*E5*F5*G5*(1-I5) -> 0.0024619048 | K5: 0 | L5: n/a | M5: 0 | N5: =D5*E5*F5*K5*(1-M5) -> 0 | O5: v1: LBIST is tool-inserted (Modus) and remains the one item with no RTL proof; the island carries the hooks and the FTTI-windowed schedule (M8 watchdog/self-test)
A6: Weight registers (active + shadow) | B6: Bit flip in a stored weight | C6: transient | D6: =Assumptions!$B$25 -> 1.76 | E6: 1 | F6: 1 | G6: 1 | H6: ABFT (corrupted weight flags every row) and reload per tile | I6: 0.99 | J6: =D6*E6*F6*G6*(1-I6) -> 0.0176 | K6: 0 | L6: n/a | M6: 0 | N6: =D6*E6*F6*K6*(1-M6) -> 0 | O6: today: proven (T4 weight bit-flip)
A7: Weight registers (active + shadow) | B7: Stuck bit in a weight register | C7: permanent | D7: =Assumptions!$B$22*0.05 -> 0.022380952 | E7: 1 | F7: 1 | G7: 1 | H7: ABFT | I7: 0.99 | J7: =D7*E7*F7*G7*(1-I7) -> 0.00022380952 | K7: 0 | L7: n/a | M7: 0 | N7: =D7*E7*F7*K7*(1-M7) -> 0 | O7: today: proven by construction (same mechanism as T4)
A8: x / psum / token chains, skew, deskew | B8: Bit flip in a pipeline register | C8: transient | D8: =Assumptions!$B$26*0.7 -> 2.8 | E8: 1 | F8: 1 | G8: 1 | H8: ABFT for data chains; token/valid parity | I8: 0.95 | J8: =D8*E8*F8*G8*(1-I8) -> 0.14 | K8: 0 | L8: n/a | M8: 0 | N8: =D8*E8*F8*K8*(1-M8) -> 0 | O8: v1: ABFT proven; token/valid rule is an SVA property (dv/sva) for formal; parity on valid/token stays a fault-simulation item
A9: x / psum / token chains, skew, deskew | B9: Stuck pipeline register | C9: permanent | D9: =Assumptions!$B$22*0.1 -> 0.044761905 | E9: 1 | F9: 1 | G9: 1 | H9: ABFT; LBIST | I9: 0.97 | J9: =D9*E9*F9*G9*(1-I9) -> 0.0013428571 | K9: 0 | L9: n/a | M9: 0 | N9: =D9*E9*F9*K9*(1-M9) -> 0 | O9: v1: ABFT covers data (T2-T4); control is covered by the sequencer lockstep (C7) and the self-test (M8); LBIST see row 2
A10: ABFT checker (array output) | B10: Stuck at 'no error' (false negative) | C10: permanent | D10: =Assumptions!$B$22*0.02 -> 0.008952381 | E10: 1 | F10: 0.5 | G10: 0 | H10: none needed alone (does not violate SG by itself) | I10: 0 | J10: =D10*E10*F10*G10*(1-I10) -> 0 | K10: 1 | L10: Periodic self-test: inject one known fault per FTTI via the fault hook, expect a flag | M10: 0.9 | N10: =D10*E10*F10*K10*(1-M10) -> 0.00044761905 | O10: planned: fault hook kept as a test feature, sequenced by the safety island
A11: ABFT checker (array output) | B11: False positive (spurious error) | C11: permanent | D11: =Assumptions!$B$22*0.02 -> 0.008952381 | E11: 1 | F11: 0.5 | G11: 0 | H11: safe failure: leads to safe state | I11: 0 | J11: =D11*E11*F11*G11*(1-I11) -> 0 | K11: 0 | L11: n/a | M11: 0 | N11: =D11*E11*F11*K11*(1-M11) -> 0 | O11: safe failure mode
A12: Accumulator SRAM (64 KB) | B12: Single-bit upset | C12: transient | D12: =Assumptions!$B$23*0.97 -> 291 | E12: 1 | F12: 1 | G12: 1 | H12: SECDED ECC (correct) and ABFT at drain (independent detection) | I12: 0.9999 | J12: =D12*E12*F12*G12*(1-I12) -> 0.0291 | K12: 0 | L12: n/a | M12: 0 | N12: =D12*E12*F12*K12*(1-M12) -> 0 | O12: v1: ABFT at drain proven (C4); accumulator ECC not implemented: ABFT at drain detects any single-row corruption, so ECC would add correction, not detection
A13: Accumulator SRAM (64 KB) | B13: Multi-bit upset in one word | C13: transient | D13: =Assumptions!$B$23*0.03 -> 9 | E13: 1 | F13: 1 | G13: 1 | H13: SECDED detect + ABFT at drain | I13: 0.999 | J13: =D13*E13*F13*G13*(1-I13) -> 0.009 | K13: 0 | L13: n/a | M13: 0 | N13: =D13*E13*F13*K13*(1-M13) -> 0 | O13: v1: argument only (interleaving is a memory-compiler choice); detection by ABFT at drain is proven (C4)
A14: Accumulator SRAM (64 KB) | B14: Stuck cell or decoder fault | C14: permanent | D14: =Assumptions!$B$22*0.08 -> 0.035809524 | E14: 1 | F14: 1 | G14: 1 | H14: ECC, ABFT at drain, MBIST at boot | I14: 0.999 | J14: =D14*E14*F14*G14*(1-I14) -> 3.5809524e-05 | K14: 0 | L14: n/a | M14: 0 | N14: =D14*E14*F14*K14*(1-M14) -> 0 | O14: v1: March C- MBIST implemented and proven (B1-B3 standalone, M11 through registers with ESM cause); ECC on banks proven (M5)
A15: Activation buffer SRAM (32 KB) | B15: Single-bit upset | C15: transient | D15: =Assumptions!$B$24*0.97 -> 145.5 | E15: 1 | F15: 1 | G15: 1 | H15: SECDED ECC; end-to-end CRC from the DMA (ABFT cannot see a wrong input) | I15: 0.999 | J15: =D15*E15*F15*G15*(1-I15) -> 0.1455 | K15: 0 | L15: n/a | M15: 0 | N15: =D15*E15*F15*K15*(1-M15) -> 0 | O15: v1: end-to-end CRC proven (M3); source-bank ECC proven (M5); MBIST proven (M11); the activation buffer itself is covered by the CRC at write and by the duplicated feeder control (C5)
A16: Activation buffer SRAM (32 KB) | B16: Multi-bit upset or stuck cell | C16: both | D16: =Assumptions!$B$24*0.03+Assumptions!$B$22*0.05 -> 4.522381 | E16: 1 | F16: 1 | G16: 1 | H16: SECDED detect, E2E CRC, MBIST | I16: 0.99 | J16: =D16*E16*F16*G16*(1-I16) -> 0.04522381 | K16: 0 | L16: n/a | M16: 0 | N16: =D16*E16*F16*K16*(1-M16) -> 0 | O16: v1: proven for the bank path (M5, M9, M11); DC_L by periodic MBIST
A17: Feeder address generator and run FSM | B17: Wrong address, wrong sequence, early stop | C17: permanent | D17: =Assumptions!$B$22*0.06 -> 0.026857143 | E17: 1 | F17: 1 | G17: 1 | H17: Duplicated address generator with comparator (DCLS-style) | I17: 0.99 | J17: =D17*E17*F17*G17*(1-I17) -> 0.00026857143 | K17: 0 | L17: n/a | M17: 0 | N17: =D17*E17*F17*K17*(1-M17) -> 0 | O17: v1: duplicated feeder control proven (C5, drop 0.4)
A18: Feeder address generator and run FSM | B18: Bit flip in counters | C18: transient | D18: =Assumptions!$B$26*0.15 -> 0.6 | E18: 1 | F18: 1 | G18: 1 | H18: Duplicated address generator with comparator | I18: 0.99 | J18: =D18*E18*F18*G18*(1-I18) -> 0.006 | K18: 0 | L18: n/a | M18: 0 | N18: =D18*E18*F18*K18*(1-M18) -> 0 | O18: v1: proven (C5)
A19: Accumulator write/read control and index pipeline | B19: Wrong row index or first flag | C19: both | D19: =Assumptions!$B$22*0.03+Assumptions!$B$26*0.15 -> 0.61342857 | E19: 1 | F19: 1 | G19: 1 | H19: Parity on index/first delay lines; ABFT at drain catches mixed rows only partially | I19: 0.95 | J19: =D19*E19*F19*G19*(1-I19) -> 0.030671429 | K19: 0 | L19: n/a | M19: 0 | N19: =D19*E19*F19*K19*(1-M19) -> 0 | O19: v1: coverage to be measured by fault simulation (Xcelium fault campaign); mechanism in place
A20: Clock and reset distribution in the core | B20: Clock stuck, glitch, reset glitch | C20: permanent | D20: =Assumptions!$B$22*0.02 -> 0.008952381 | E20: 1 | F20: 1 | G20: 1 | H20: Clock monitor and watchdog in the safety island | I20: 0.9 | J20: =D20*E20*F20*G20*(1-I20) -> 0.0008952381 | K20: 0 | L20: n/a | M20: 0 | N20: =D20*E20*F20*K20*(1-M20) -> 0 | O20: v1: windowed watchdog in the ESM proven (M8); clock monitor is a PLL/monitor IP item (RFQ 11)
A21: NoC interface (requests, responses) | B21: Corrupted packet, lost packet | C21: both | D21: =Assumptions!$B$22*0.04+Assumptions!$B$26*0.1 -> 0.41790476 | E21: 1 | F21: 1 | G21: 1 | H21: Packet parity/CRC, timeout, sequence numbers | I21: 0.99 | J21: =D21*E21*F21*G21*(1-I21) -> 0.0041790476 | K21: 0 | L21: n/a | M21: 0 | N21: =D21*E21*F21*K21*(1-M21) -> 0 | O21: v1: router parity drop (N2), per-message end-to-end CRC (M3), word count per message for lost flits (M9a), fetch timeout (M9b); sequence numbers subsumed by the word count
A22: Sequencer FSM, run counters, weight-buffer addressing | B22: Wrong run order, wrong tile, early drain | C22: both | D22: =Assumptions!$B$22*0.03+Assumptions!$B$26*0.05 -> 0.21342857 | E22: 1 | F22: 1 | G22: 1 | H22: Duplicated sequencer with comparator (lockstep), weight-buffer ECC | I22: 0.99 | J22: =D22*E22*F22*G22*(1-I22) -> 0.0021342857 | K22: 0 | L22: n/a | M22: 0 | N22: =D22*E22*F22*K22*(1-M22) -> 0 | O22: v1: lockstep sequencer proven (C7); weight-buffer ECC per lane proven (C9)
A23: Requantization tables and datapath | B23: Wrong scale, zero point or saturation | C23: both | D23: =Assumptions!$B$22*0.02+Assumptions!$B$26*0.03 -> 0.12895238 | E23: 1 | F23: 1 | G23: 1 | H23: Table parity and a duplicated requant stage with comparator | I23: 0.99 | J23: =D23*E23*F23*G23*(1-I23) -> 0.0012895238 | K23: 0 | L23: n/a | M23: 0 | N23: =D23*E23*F23*K23*(1-M23) -> 0 | O23: v1: duplicated stage proven (C8); table parity proven (C10, including the fault the comparator cannot see)
A24: Reduce port and partial-sum transfer (K-split) | B24: Corrupted or lost partial-sum row | C24: both | D24: =Assumptions!$B$22*0.01+Assumptions!$B$26*0.02 -> 0.08447619 | E24: 1 | F24: 1 | G24: 1 | H24: Check column travels with the partial sums; drain-time ABFT at the owner; row count in the sequencer | I24: 0.99 | J24: =D24*E24*F24*G24*(1-I24) -> 0.0008447619 | K24: 0 | L24: n/a | M24: 0 | N24: =D24*E24*F24*K24*(1-M24) -> 0 | O24: today: proven (K2 corrupted row flagged at the owner)
A26: Totals | D26: =SUM(D4:D24) -> 457.28962 | J26: =SUM(J4:J24) -> 0.43898676 | N26: =SUM(N4:N24) -> 0.00044761905
A27: Safety-related λ_SR (Σ λ × SR × FMD) | D27: =SUMPRODUCT(D4:D24,E4:E24,F4:F24) -> 457.03448
A29: Column guide: λ from Assumptions by area/bit share; FMD = share of the block's λ in this failure mode; DC_RF = diagnostic coverage against single-point violation; DC_L = coverage of latent faults in safety mechanisms. Blue cells are the inputs the safety team owns; coverage values here are engineering claims to be measured by fault simulation (Xcelium XFS / JasperGold FSV) in phase 2.

Sheet Metrics
A1: Hardware architectural metrics, one MAC core (formulas; ISO 26262-5 Annex C simplified, first-order PMHF)
A3: Metric | B3: Value | C3: ASIL-B(D) target | D3: ASIL-D target | E3: Meets ASIL-B(D)?
A4: Σ λ_SR, safety-related failure rate (FIT) | B4: =FMEDA_core!$D$27 -> 457.03448
A5: Σ λ_SPF/RF, residual (FIT) | B5: =FMEDA_core!$J$26 -> 0.43898676
A6: Σ λ_MPF,L, latent (FIT) | B6: =FMEDA_core!$N$26 -> 0.00044761905
A7: SPFM = 1 − Σλ_SPF/RF / Σλ_SR | B7: =IF(B4>0,1-B5/B4,0) -> 0.99903949 | C7: =Assumptions!B14 -> 0.9 | D7: =Assumptions!B17 -> 0.99 | E7: =IF(B7>=C7,"PASS","FAIL") -> PASS
A8: LFM = 1 − Σλ_MPF,L / (Σλ_SR − Σλ_SPF/RF) | B8: =IF(B4-B5>0,1-B6/(B4-B5),0) -> 0.99999902 | C8: =Assumptions!B15 -> 0.6 | D8: =Assumptions!B18 -> 0.9 | E8: =IF(B8>=C8,"PASS","FAIL") -> PASS
A9: PMHF, first order (FIT) = Σλ_RF + Σλ_MPF,L × Σλ_SR × T_life × 1e-9 | B9: =B5+B6*B4*Assumptions!B13*0.000000001 -> 0.43901364 | C9: =Assumptions!B16 -> 100 | D9: =Assumptions!B19 -> 10 | E9: =IF(B9<=C9,"PASS","FAIL") -> PASS
A11: Reading: the core's residual is dominated by the two findings in FMEDA_core (feeder control with no diagnostic today, activation-buffer corruption invisible to ABFT). The 'planned' coverages assume R7 duplication, ECC and E2E CRC are implemented; set those DC values to 0 to see the v0.2 RTL as it stands.

Sheet Chip_rollup
A1: Chip-level roll-up, accelerator die. Per element: λ_SR = safety-related failure rate of the element; DC_RF = coverage of its safety mechanism; λ_SM = failure rate of the mechanism's own logic; DC_L = coverage of the mechanism's latent faults by its self-test. The dual-point term pairs each mechanism's latent faults with the faults it covers (λ_MPF,L × λ_SR × T_life). Elements other than the MAC cores carry assumed values until their own FMEDA sheets exist. Blue = inputs.
A3: Element | B3: Count | C3: λ_SR per instance (FIT) | D3: DC_RF | E3: λ_SM per instance (FIT) | F3: DC_L | G3: λ_SR total | H3: λ_SPF/RF total | I3: λ_MPF,L total | J3: PMHF contribution (FIT) | K3: Safety mechanism (summary)
A4: MAC core (from FMEDA_core) | B4: 64 | C4: =FMEDA_core!$D$27 -> 457.03448 | D4: =1-FMEDA_core!$J$26/FMEDA_core!$D$27 -> 0.99903949 | E4: =FMEDA_core!$N$26 -> 0.00044761905 | F4: 0 | G4: =B4*C4 -> 29250.206 | H4: =B4*C4*(1-D4) -> 28.095153 | I4: =B4*E4*(1-F4) -> 0.028647619 | J4: =H4+I4*C4*Assumptions!$B$13*0.000000001 -> 28.096873 | K4: ABFT, ECC, LBIST, duplicated feeder control (planned); residual and latent taken from FMEDA_core
A5: Shared SRAM 128 MB, soft errors | B5: 1 | C5: =Assumptions!B7*1024 -> 614400 | D5: 0.99995 | E5: 2 | F5: 0.99 | G5: =B5*C5 -> 614400 | H5: =B5*C5*(1-D5) -> 30.72 | I5: =B5*E5*(1-F5) -> 0.02 | J5: =H5+I5*C5*Assumptions!$B$13*0.000000001 -> 32.334643 | K5: SECDED (39,32) per word: proven on the tile mesh (M5, drop 0.9); + 4-way interleaving + scrubbing + ABFT credit at the consumer; λ_SM = ECC/scrubber logic; DC_L = periodic ECC error injection
A6: Shared SRAM 128 MB, permanent | B6: 1 | C6: =Assumptions!B4*65/Assumptions!B5 -> 61.904762 | D6: 0.999 | E6: 2 | F6: 0.99 | G6: =B6*C6 -> 61.904762 | H6: =B6*C6*(1-D6) -> 0.061904762 | I6: =B6*E6*(1-F6) -> 0.02 | J6: =H6+I6*C6*Assumptions!$B$13*0.000000001 -> 0.062067448 | K6: ECC, MBIST at boot, repair
A7: NoC and DMA engines | B7: 1 | C7: =Assumptions!B4*20/Assumptions!B5 -> 19.047619 | D7: 0.99 | E7: 1 | F7: 0.9 | G7: =B7*C7 -> 19.047619 | H7: =B7*C7*(1-D7) -> 0.19047619 | I7: =B7*E7*(1-F7) -> 0.1 | J7: =H7+I7*C7*Assumptions!$B$13*0.000000001 -> 0.19072648 | K7: Packet parity/CRC, timeouts, descriptor CRC; λ_SM = checkers
A8: Safety island (lockstep R52+) | B8: 1 | C8: =Assumptions!B4*5/Assumptions!B5 -> 4.7619048 | D8: 0.999 | E8: 0.5 | F8: 0.95 | G8: =B8*C8 -> 4.7619048 | H8: =B8*C8*(1-D8) -> 0.0047619048 | I8: =B8*E8*(1-F8) -> 0.025 | J8: =H8+I8*C8*Assumptions!$B$13*0.000000001 -> 0.0047775476 | K8: Dual-core lockstep, ECC, watchdogs, self-test
A9: LPDDR5X controller and PHY | B9: 1 | C9: =Assumptions!B4*24/Assumptions!B5 -> 22.857143 | D9: 0.99 | E9: 1 | F9: 0.9 | G9: =B9*C9 -> 22.857143 | H9: =B9*C9*(1-D9) -> 0.22857143 | I9: =B9*E9*(1-F9) -> 0.1 | J9: =H9+I9*C9*Assumptions!$B$13*0.000000001 -> 0.22887177 | K9: Inline ECC, link ECC, loopback test
A10: PCIe, Ethernet, MIPI, ISP | B10: 1 | C10: =Assumptions!B4*27/Assumptions!B5 -> 25.714286 | D10: 0.98 | E10: 1.5 | F10: 0.9 | G10: =B10*C10 -> 25.714286 | H10: =B10*C10*(1-D10) -> 0.51428571 | I10: =B10*E10*(1-F10) -> 0.15 | J10: =H10+I10*C10*Assumptions!$B$13*0.000000001 -> 0.51479254 | K10: CRC, end-to-end protection, frame counters
A11: Clocks, resets, power management | B11: 1 | C11: =Assumptions!B4*9/Assumptions!B5 -> 8.5714286 | D11: 0.9 | E11: 0.5 | F11: 0.9 | G11: =B11*C11 -> 8.5714286 | H11: =B11*C11*(1-D11) -> 0.85714286 | I11: =B11*E11*(1-F11) -> 0.05 | J11: =H11+I11*C11*Assumptions!$B$13*0.000000001 -> 0.85719917 | K11: Clock/voltage/temperature monitors
A13: Totals | G13: =SUM(G4:G11) -> 643793.06 | H13: =SUM(H4:H11) -> 60.672296 | I13: =SUM(I4:I11) -> 0.49364762 | J13: =SUM(J4:J11) -> 62.289951
A15: Chip SPFM | B15: =IF(G13>0,1-H13/G13,0) -> 0.99990576
A16: Chip LFM | B16: =IF(G13-H13>0,1-I13/(G13-H13),0) -> 0.99999923
A17: Chip PMHF, first order (FIT) | B17: =J13 -> 62.289951
A18: Meets ASIL-B(D) (SPFM ≥ 90 %, LFM ≥ 60 %, PMHF ≤ 100 FIT)? | B18: =IF(AND(B15>=Assumptions!B14,B16>=Assumptions!B15,B17<=Assumptions!B16),"PASS","FAIL") -> PASS
A19: Meets ASIL-D (SPFM ≥ 99 %, LFM ≥ 90 %, PMHF ≤ 10 FIT)? | B19: =IF(AND(B15>=Assumptions!B17,B16>=Assumptions!B18,B17<=Assumptions!B19),"PASS","FAIL") -> FAIL
A21: Reading: the shared SRAM's soft-error residual (DC_RF 99.995 %) and the dual-point term of its ECC logic dominate chip PMHF. Those two numbers (SRAM SER from the foundry, ECC-logic self-test coverage) decide whether the accelerator element meets ASIL-B(D) with margin; ASIL-D at chip level is not the target (decision 4). Elements other than the MAC cores are placeholders until their FMEDA sheets exist.

Sheet Evidence
A1: Mechanism evidence (v1): every coverage claim above points at the test that exercised the mechanism on the RTL
A2: Mechanism | B2: Fault injected | C2: Test | D2: Log | E2: Drop
A3: ABFT check column | B3: +1 on one product in PE(0,0) for one cycle | C3: T2 (model and 32x32 RTL), C4 | D3: sim/neosim_mac_core_32x32.log, sim/neosim_conv_core.log | E3: 0.1-0.3
A4: ABFT at drain | B4: bit flip in accumulator memory; corrupted partial-sum row in flight | C4: C4, K2 | D4: sim/neosim_conv_core.log, sim/neosim_ksplit.log | E4: 0.3, 0.6
A5: Duplicated feeder control (R7) | B5: address generator corrupted for one valid cycle | C5: C5 | D5: sim/neosim_conv_core.log | E5: 0.4
A6: Lockstep sequencer (R10) | B6: drain index bit 0 flipped | C6: C7 | D6: sim/neosim_conv_core.log | E6: 0.8
A7: Duplicated requantization (R10) | B7: bit 12 of column 0 into the primary stage | C7: C8 | D7: sim/neosim_conv_core.log | E7: 0.8
A8: Weight-buffer ECC | B8: data and check bits flipped in stored codewords | C8: C9 | D8: sim/neosim_conv_core_late.log | E8: 0.12
A9: Requant table parity | B9: multiplier bit 0 flipped | C9: C10 | D9: sim/neosim_conv_core_late.log | E9: 0.12
A10: Link parity | B10: flit bit flipped on a link | C10: N2 | D10: sim/neosim_noc.log | E10: 0.4
A11: End-to-end CRC | B11: payload bit flipped past the last link check | C11: M3 | D11: sim/neosim_tiles.log | E11: 0.7
A12: Bank ECC | B12: data and check bits flipped in the source bank | C12: M5 | D12: sim/neosim_tiles.log | E12: 0.9
A13: Lost-flit detection | B13: a fetch-response flit dropped at the owner's port | C13: M9a | D13: sim/neosim_tiles.log | E13: 0.12
... A20: LBIST | B20: none: tool-inserted (Modus), hooks and FTTI schedule in the island | C20: - | D20: - | E20: handoff
